Employee Id,Probation End Date,Ticket Entitlement Date,Dept Code,Job Title
600631,20181005,20251001,4,Barber
602643,20220906,20270310,7,Cleaner
29773,20160328,20251001,4,Driver
600272,20171124,20251001,7,Multi Technician
600987,20190328,20251001,4,Driver
600262,20170819,20251001,4,Driver
602659,20220906,20270310,7,Cleaner
602723,20221007,20270410,7,Cleaner
601231,20190802,20251001,11,Irrigation Technician
33094,20140808,,4,Civil Foreman
602649,20220902,20270306,7,Cleaner
19762,20160328,20151001,4,Driver ( Cat 3)
21772,20160328,20251001,4,VIP Waiter (Barista/Juice Maker)
600802,20181114,20251001,7,Cleaning Team Leader
28813,20160328,20251001,4,Pantry Boy
602199,20211211,20260614,7,Cleaner
19797,20160328,20151001,4,Driver (Cat 3) - Supervisor L1
600977,20190203,20251001,4,Pantry Boy
35275,20140622,20251001,6,Helper
602553,20220731,20270201,7,Civil Technician.
600942,20190118,20251001,7,FF Technician
602255,20220305,20260906,7,Multi Technician
602093,20210911,20260315,7,Fire Alarm Technician
600782,20181120,20251001,7,Team Leader
602149,20211011,20260414,11,Gardener
21783,20160328,20251001,7,Team Leader
601928,20210521,20251122,11,Gardener
31334,20160328,20251001,4,Driver
600999,20190614,20251001,11,Gardener
602751,20221018,20270421,7,Cleaner
600244,20170706,20251001,4,Driver
602316,20220424,20261026,6,Painter
29886,20160328,,4,Gym Instructor (Certified) L2
600303,20171201,20251001,7,SME Team Leader
602197,20211211,20260614,7,Cleaner
32886,20130816,20251001,4,Driver
600351,20180119,20251001,7,Multi Technician
602345,20220509,20261110,7,FF Technician
602195,20211211,20260614,7,Cleaner
602674,20220911,20270315,7,Cleaner
601308,20190927,20251001,7,Civil/Plumber Technician
602272,20220402,20261004,7,Techinician
601967,20210329,20251001,4,Office Boy
601770,20201109,20251001,10,Driver
35427,20141115,20251001,4,Pantry Boy
600515,20180525,20251001,10,Driver
600253,20170901,20251001,11,Gardener
601096,20190607,20251001,7,Multi Technician
600466,20180518,20251001,7,Multi Technician
600248,20170811,20251001,11,Gardener
600146,20170526,20251001,7,Multi Technician
601956,20210708,20260109,4,Gym Helper L3
602334,20220507,20261108,7,Techinician
602181,20211204,20260607,7,Multi Technician
600994,20190506,20251001,7,Cleaner
600993,20190506,20251001,7,Cleaner
19802,20160328,20251001,10,Driver
601301,20190830,20251001,4,Pantry Boy
602724,20221007,20270410,7,Cleaner
600413,20180406,,4,Coffee Machine Service Supervisor
21777,20160328,20251001,4,Driver ( Cat 3)
602169,20211106,20260510,7,Multi Technician
601521,20200515,20251001,4,Car Washer
39582,20170120,,7,Facilities Engineer
602637,20220902,20270306,4,Office Boy
25676,20160328,20251001,4,Driver
31738,20130124,20251001,4,Pantry Boy
601445,20200131,20251001,7,Multi Technician
602496,20220729,20270130,4,Barber
602742,20221018,20270421,6,Painter
37618,20151119,20251001,4,Driver
601913,20210421,20251024,7,Cleaner
601347,20190920,20251001,7,Multi Technician
601024,20190522,20251001,7,Cleaner
602537,20220728,20270129,7,Cleaner
601987,20210712,20260113,7,Cleaner
602437,20220726,20270127,7,Cleaner
602455,20220725,20270126,7,Cleaner
602436,20220725,20270126,7,Cleaner
602435,20220731,20270201,7,Cleaner
602759,20221104,20270508,7,Cleaner
602555,20220728,20270129,7,Cleaner
601580,20200830,20251001,7,Cleaner
601978,20210705,20260106,7,Cleaner
602539,20220728,20270129,7,Cleaner
601973,20210705,20260106,7,Cleaner
602577,20220731,20270201,7,Cleaner
602504,20220725,20270126,7,Cleaner
600243,20170728,,4,Document Controller
602692,20220923,20270327,4,Automobile Technician
602750,20221025,,12,Jr. Mechanical Engin
600862,20181221,20251001,4,Pantry Boy
600186,20170714,20251001,6,Chargehand Fit Out
601500,20200525,20251001,7,Cleaner
600948,20190412,20251001,7,Civil/Plumber Technician
602811,20221224,20270627,4,IT helper
600939,20190308,,4,Physiotherapist
602594,20220815,20270216,7,Cleaner
602475,20220725,20270126,7,Cleaner
602194,20211211,20260614,7,Cleaner
601438,20200313,20251001,7,Cleaner
21779,20160328,20251001,4,Pantry Boy
602650,20220902,20270306,7,Cleaner
602154,20211027,20260430,7,Cleaner
602663,20220906,20270310,7,Cleaner
600420,20180330,20251001,7,Team Leader
602767,20221107,20270511,7,Cleaner
601901,20210329,,12,QHSE Manager
600929,20190301,20251001,4,Technician - (Gates & Barriers)
600941,20190118,20251001,7,HVAC Technician
601900,20210401,,6,Project Director
602162,20211029,20260502,7,Cleaner
602609,20220816,20270217,7,Cleaner
602812,20221230,,4,Purchase Officer
601764,20201210,20251001,7,Cleaner
28804,20160328,20251001,4,Pantry Boy
32885,20130919,,4,Access Control Supervisor
602545,20220725,20270126,7,Cleaner
602601,20220815,20270216,7,Cleaner
602163,20211029,20260502,7,Cleaner
600277,20171111,20251001,7,Plumber Technician
602453,20220725,20270126,7,Cleaner
602256,20220306,,6,Document Controller
602442,20220725,20270126,7,Cleaner
28698,20160328,20251001,4,Driver
602749,20221011,20270414,7,Cleaner
602654,20220904,20270308,7,Cleaner
602680,20220911,20270315,7,Cleaner
600282,20170929,20251001,4,Pantry Boy
602392,20220626,20261228,4,Car Washer
39570,20161216,,4,Senior Architect
602327,20220505,20261106,4,Driver
602036,20210809,20260210,7,Cleaner
600401,20180127,,7,Head of Data Center & Signal Station
21773,20160328,20251001,4,Driver
602010,20210715,,12,Executive Secretary
602732,20221010,20270413,7,Cleaner
602001,20210712,20260113,7,Cleaner
602612,20220816,20270217,7,Cleaner
601348,20191115,20251001,7,Multi Technician
601933,20210529,,4,Supervisor
602336,20220519,20261120,7,Cleaner
602765,20221104,20270508,7,Cleaner
600738,20180927,,11,Supervisor
602763,20221104,20270508,7,Cleaner
602365,20220525,20261126,7,Cleaner
602005,20210712,20260113,7,Cleaner
602235,20220206,20260810,7,Plumbing Team Leader
602224,20220122,20260726,7,Cleaning Team Leader
602494,20220719,20270120,7,Multi Technician
600883,20181214,20251001,7,Cleaning Team Leader
602004,20210712,20260113,7,Cleaner
28801,20160328,20251001,4,Pantry Boy
21785,20160328,20251001,4,Pantry Boy
601934,20210529,20251130,4,Driver ( Cat 3)
601769,20201109,20251001,7,Team Leader/ Driver
602157,20211027,20260430,7,Cleaner
602549,20220729,20270130,6,Painter
602666,20220830,20270303,4,Car Washer
601123,20190816,20251001,4,Furniture Installation Technician
602648,20220902,20270306,7,Cleaner
602721,20221007,20270410,7,Cleaner
36645,20160924,20251001,4,Car Washer
602638,20220902,20270306,7,Cleaner
600636,20181012,,7,Zone Manager
602752,20221018,20270421,7,Cleaner
601003,20190522,20251001,7,Façade Cleaner
601775,20210319,20250921,4,Barber
600984,20190308,20251001,4,Driver
601091,20190621,20251001,4,Pantry Boy
602748,20221011,20270414,7,Cleaner
602245,20220224,20260828,4,Office Boy
602779,20221125,20270529,7,Multi Technician
600777,20181120,20251001,7,Cleaning Team Leader
602493,20220719,20270120,7,HVAC Technician
602016,20210722,,4,Assistant Manager
602729,20221010,20270413,4,Office Boy
600751,20181207,20251001,7,HVAC Technician
602641,20220902,20270306,7,Cleaner
40051,20170721,20251001,7,Team Leader
600750,20190118,20251001,6,HVAC Technician
602660,20220906,20270310,7,Cleaner
602136,20211005,20260408,7,Multi Technician
19807,20160328,20251001,4,Pantry Boy
602652,20220902,20270306,7,Facade Cleaner
602671,20220912,20270316,7,Cleaner
601932,20210603,,6,Design Manager
602150,20210630,20260101,4,Driver
600747,20180927,20251001,4,VIP Waiter (Barista/Juice Maker - Supervisor L1)
18112,20160328,20251001,4,Pantry Boy
600314,20180119,20251001,7,FF - Team Leader
600241,20170721,,4,Access Control Supervisor
18110,20160328,20251001,4,Pantry Boy
32650,20120927,20251001,4,Pantry Boy
19799,20160328,,4,Hospitality Supervisor
22940,20160328,20251001,4,Car Washer
31626,20130126,20251001,4,VIP Waiter (Barista/Juice Maker)
19806,20160328,20251001,4,Driver ( Cat 3)
600780,20181120,20251001,7,Cleaner
602427,20220711,20270112,7,Cleaner
22673,20160328,20251001,4,Pantry Boy
601473,20200424,20251001,7,Cleaner
602066,20210809,20260210,7,Cleaner
602615,20220820,20270221,4,Driver
19798,20160328,20251001,4,Pantry Boy
33052,20131122,20251001,4,Pantry Boy
21771,20160328,20251001,4,Pantry Boy
600427,20180316,20251001,4,Pantry Boy
21770,20160328,20251001,4,Pantry Boy
602450,20220729,20270130,7,Cleaner
602206,20211226,20260629,7,Multi Technician
32428,20130627,20251001,4,Pantry Boy
602386,20220719,20270120,7,HVAC Technician
600147,20170526,20251001,11,Gardener
601576,20200904,20251001,7,FM Team Leader
600739,20180927,,11,Agriculture Engineer
601005,20190522,20251001,7,Cleaner
600247,20170825,20251001,11,Gardener
602430,20220712,20270113,10,Driver
602694,20220924,20270328,11,Gardener
602359,20220525,20261126,7,Cleaner
602725,20221007,20270410,7,Cleaner
602817,20221223,20270626,7,Cleaner
602538,20220730,20270131,7,Cleaner
600275,20171124,20251001,7,Mechanical Chargehan
31503,20121223,20251001,4,Pantry Boy
602541,20220728,20270129,7,Cleaner
602730,20221010,20270413,7,Cleaner
600834,20181224,20251001,7,Cleaner
600917,20190125,20251001,7,Cleaner
600922,20190125,20251001,7,Cleaner
602174,20211114,20260518,7,Cleaner
600398,20180202,,10,Driver - Supervisor
602508,20220805,20270206,7,Plumbing Technician
602037,20210809,20260210,7,Cleaner
602524,20220726,20270127,6,Gypsum Carpenter
602052,20210809,20260210,7,Cleaner
602568,20220807,20270208,7,Cleaner
602546,20220730,20270131,7,Cleaner
600437,20180511,20251001,7,Team Leader
35274,20140630,20251001,6,Mason
602590,20220802,20270203,10,Assist. Store Keeper
600779,20181121,20251001,7,Cleaner
602055,20210809,20260210,7,Cleaner
602041,20210809,20260210,7,Cleaner
602056,20210809,20260210,4,IT helper
601582,20200830,20251001,7,Cleaner
601985,20210712,20260113,7,Cleaner
602344,20220519,20261120,7,Cleaner
602418,20220711,20270112,7,Cleaner
19801,20160328,20151001,4,Office Boy
602292,20220407,,7,Soft FM - Manager
601950,20210701,,4,Receptionist
600835,20181119,20251001,7,Cleaner
31479,20121213,20251001,4,Pantry Boy
601977,20210705,20260106,7,Cleaner
602061,20210809,20260210,7,Cleaner
601011,20190522,20251001,7,Cleaner
602337,20220519,20261120,7,Cleaner
601233,20190809,20251001,4,Team Leader
602733,20221010,20270413,7,Cleaner
602310,20220421,20261023,4,Driver
602449,20220725,20270126,7,Cleaner
602259,20220310,,7,Kitchen & Laundry Engineer
602634,20220830,20270303,4,VIP Driver
600428,20180316,20251001,4,Pantry Boy
602519,20220725,20270126,7,Cleaner
602520,20220725,20270126,7,Cleaner
602587,20220807,20270208,7,Cleaning Team Leader
602476,20220731,20270201,7,Cleaner
602279,20220403,20261005,7,Technician
21780,20160328,20251001,4,Pantry Boy
602661,20220906,20270310,7,Cleaner
601562,20200703,20251001,7,Cleaner
602764,20221104,20270508,7,Cleaner
602462,20220725,20270126,7,Cleaner
601020,20190522,20251001,7,Cleaning Team Leader
601303,20190927,,4,Audio Video Programmer
602131,20210930,20260403,10,Assist. Store Keeper
600255,20170811,20251001,11,Gardener
601983,20210710,,7,FM Coordinator
602443,20220729,20270130,7,Cleaner
602544,20220728,20270129,7,Cleaner
602459,20220714,20270115,7,Cleaner
602635,20220830,20270303,7,Cleaner
601452,20200214,20251001,4,Store Boy
600462,20180427,,10,Store Keeper
601945,20210624,,12,Commercial and Cost Control Manager
602814,20221231,20270704,7,Multi Technician
602679,20220911,20270315,7,Cleaner
600492,20180622,20251001,4,Pantry Boy
602662,20220906,20270310,7,Cleaner
602667,20220912,20270316,11,Gardener
33104,20140808,,4,Civil Foreman
601038,20190628,20251001,7,Multi Technician
600845,20181207,20251001,7,Cleaner
601044,20190712,20251001,7,Multi Technician
31628,20130126,20251001,4,Car Washer
600300,20171201,20251001,7,Chiller Team Leader
602689,20220923,20270327,4,Office Boy
602678,20220911,20270315,7,Cleaner
600419,20180413,,7,Facilities Engineer
602478,20220725,20270126,7,Cleaner
602681,20220911,20270315,7,Cleaner
39924,20170317,20251001,4,Driver
602410,20220708,20270109,7,Cleaner
601749,20200904,20251001,4,HVAC Technician
600861,20181230,20251001,4,Driver
601360,20190929,20251001,11,Gardener
600145,20170623,20251001,7,Multi Technician
602698,20220926,20270330,7,Cleaner
601042,20190712,20251001,7,Multi Technician
602606,20220815,20270216,10,Driver
602591,20220813,20270214,11,Gardener
602773,20221113,20270517,10,Asistant Electrician
600940,20190118,20251001,7,FA Technician
602184,20211204,20260607,7,Multi Technician
602135,20211005,20260408,7,Multi Technician
600745,20181212,20251001,7,Team Leader
602019,20210722,20260123,7,MEP Technician
602133,20210930,20260403,4,Cashier
602559,20220802,20270203,7,HVAC Technician
39549,20161118,20251001,4,Pantry Boy
600812,20181121,20251001,7,Cleaning Team Leader
601305,20190830,20251001,4,Pantry Boy
602409,20220709,20270110,7,Cleaner
602164,20211028,,14,MEP Engineer / Estimator
601948,20210626,20251228,7,Multi Technician
21790,20160328,20251001,4,Pantry Boy
19812,20160328,20251001,4,Driver ( Cat 3)
601151,20190711,20251001,4,Pantry Boy
600776,20181120,20251001,7,Cleaner
602685,20220917,20270321,7,Cleaner
601792,20210326,20250928,4,Automobile Technician
602168,20211106,20260510,7,Cleaner
602503,20220725,20270126,7,Cleaner
28559,20160328,20251001,4,Car Washer
39255,20160905,20251001,4,Driver
602754,20221031,,2,Accountant
19796,20160328,20251001,4,Pantry Boy
601302,20190907,,4,Networking Technician
602382,20220609,20261211,7,Data Centre Technician
602378,20220604,,7,Cleaning Supervisor
601518,20200731,20251001,11,Irrigation Technician
602411,20220712,,7,FM Supervisor
601146,20190711,20251001,4,Pantry Boy
602656,20220904,20270308,7,Cleaner
22939,20160328,20251001,4,Pantry Boy
19690,20160328,20251001,4,Pantry Boy
602557,20220728,20270129,7,Cleaner
31732,20180127,,4,IT Administrator
32884,20180127,,4,Access Control Manag
602020,20210722,20260123,7,Data Center Technician
19687,20160328,20251001,4,Barber
600180,20170714,20261001,4,Receptionist
600804,20181115,20251001,7,Cleaner
35273,20140622,20251001,7,Civil Team Leader
600373,20180706,20251001,4,Pantry Boy
601028,20190522,20251001,7,Cleaner
602488,20220729,20270130,7,Cleaner
602534,20220728,20270129,7,Cleaner
602018,20210722,20260123,7,Multi Technician
39957,20170324,,4,Senior Quantity Surveyor
602653,20220906,20270310,6,Civil Team Leader
602415,20220725,20270126,7,Cleaner
602760,20221104,20270508,7,Cleaner
601979,20210705,20260106,7,Cleaner
602627,20220826,20270227,4,Barber
600975,20190315,20251001,4,Pantry Boy
601955,20210716,20260117,4,Gym Helper 1
18111,20160328,20251001,4,Pantry Boy
28812,20160328,20251001,4,Pantry Boy
39854,20170505,,6,Network Foreman
601618,20200830,20251001,7,Cleaner
601586,20200830,20251001,7,Cleaner
602364,20220525,20261126,7,Cleaner
602658,20220905,,7,Engineering Manager
600425,20180420,,7,Facility Engineer
600638,20180907,20251001,7,Team Leader
19815,20160328,20151001,4,Office Boy
602639,20220902,20270306,7,Cleaner
602651,20220902,20270306,7,Cleaner
602624,20220826,20270227,4,Office Boy
600736,20180927,20251001,11,Gardener
600997,20190522,20251001,7,Façade Cleaner
601228,20190831,20251001,7,Cleaner
602011,20210715,20260116,7,FA Technician
602278,20220403,20261005,4,Office Boy
602230,20220130,,4,Massage Therapist
602198,20211211,20260614,7,Cleaner
600625,20190713,,7,Head of Operations
602677,20220911,20270315,7,Cleaner
602048,20210809,20260210,7,Cleaner
601969,20210702,,13,CAFM Administrator
600301,20171124,20251001,7,Multi Technician
602314,20220424,20261026,7,Sr. HVAC Technician
602664,20220906,20270310,7,Cleaner
600953,20190125,20251001,7,Cleaner
602579,20220807,20270208,7,Cleaner
602045,20210809,20260210,7,Cleaner
602030,20210801,20260202,4,Office Boy
600245,20170811,20251001,7,Multi Technician
40078,20170421,,11,Supervisor
600315,20171229,20251001,7,FF Technician
602642,20220902,20270306,7,Cleaner
36564,20160616,20251001,4,Pantry Boy
601444,20200117,20251001,4,Car Washer
600319,20171229,,7,FF & FA Supervisor
601407,20200327,20251001,7,Civil/Plumber Technician
600930,20190301,,4,Access Control Techn
22938,20160328,20251001,10,Driver
602062,20210809,20260210,7,Cleaner
601306,20190830,20251001,4,Pantry Boy
602735,20221010,20270413,7,Cleaner
602244,20220211,,4,Receptionist
39412,20161216,20251001,4,Driver
37478,20151027,20251001,4,Driver ( Cat 3)
600985,20190301,20251001,10,Driver
602273,20220401,20261003,4,Driver ( Cat 3 & 5)
602017,20210722,,14,Senior Designer
35429,20141030,20251001,4,Car Washer
602499,20220731,20270201,7,Cleaner
602675,20220911,20270315,7,Cleaner
602582,20220810,20270211,7,Cleaner
602623,20220823,20270224,4,Office Boy
602762,20221104,20270508,7,Cleaner
602576,20220807,20270208,7,Cleaner
600431,20180316,20251001,4,Pantry Boy
602644,20220902,20270306,7,Cleaner
600774,20181121,20251001,7,Cleaner
602448,20220725,20270126,7,Cleaner
601763,20201210,20251001,7,Cleaner
601030,20190522,20251001,7,Cleaner
602006,20210712,20260113,7,Cleaner
600998,20190621,20251001,11,Gardener
600293,20171103,,7,Data Centre Engineer
600430,20180216,20251001,4,Barber
602747,20221011,20270414,7,Cleaner
602394,20220629,20261231,7,Cleaner
600324,20171110,20251001,6,Gypsum Worker
602096,20210915,20260319,7,Electrical Technician
602363,20220525,20261126,7,Cleaner
600269,20171020,,4,Access Control Techn
601055,20190522,20251001,7,Cleaner
600642,20181116,20251001,10,Driver
602196,20211211,20260614,7,Cleaner
40057,20170518,20251001,7,Multi Technician
28803,20160328,20251001,4,Driver
601235,20190918,20251001,7,Team Leader
602186,20211203,20260606,7,Cleaner
600412,20180330,,7,Facility Engineer
602390,20220704,20270105,11,Gardener
602406,20220708,20270109,7,Cleaner
601071,20190726,20251001,7,Multi Technician
600555,20180831,20251001,7,Multi Technician
602595,20220815,20270216,7,Cleaner
601041,20190614,20251001,7,Multi Technician
602757,20221104,20270508,7,Cleaner
602731,20221010,20270413,7,Cleaner
602600,20220815,20270216,7,Cleaner
602465,20220731,20270201,7,Cleaner
602548,20220807,20270208,7,Cleaner
602586,20220807,20270208,7,Cleaner
602377,20220612,20261214,7,IT helper
602003,20210721,20260122,7,Cleaner
601995,20210712,20260113,7,Cleaner
602242,20220218,20260822,4,Office Boy
602059,20210809,20260210,7,Cleaner
601994,20210712,20260113,7,Cleaner
35276,20140630,20251001,6,Helper
35067,20140721,20251001,4,Gym Helper L3
602451,20220725,20270126,7,Cleaner
602622,20220826,20270227,4,Office Boy
602463,20220725,20270126,7,Cleaner
602472,20220725,20270126,7,Cleaner
602607,20220819,20270220,7,Cleaner
602758,20221104,20270508,7,Cleaner
602426,20220711,20270112,7,Cleaner
600560,20180720,20251001,4,Pantry Boy
601530,20200605,20251001,7,Cleaner
602076,20210819,20260220,7,Mason
601045,20190712,20251001,7,Multi Technician
600465,20180518,20251001,7,Multi Technician
602368,20220517,20261118,11,Gardener
602205,20211225,20260628,4,Pantry Boy
601098,20190607,20251001,4,Driver
32662,20130811,20251001,4,Pantry Boy
600759,20181207,20251001,7,Multi Technician
39548,20161224,,4,VIP Waiter (Barista/Juice Maker - Supervisor L1)
600153,20170526,20251001,11,Gardener
600937,20190222,20251001,4,Furniture Installation Technician
600557,20180810,20251001,4,Kitchen & Laundry Technician
601905,20210409,,7,Supervisor -Soft FM
602171,20211027,20260430,4,Office Boy
29969,20160328,20251001,4,Lab Helper - DP Labrotory
602793,20221211,20270614,7,Multi Technician
22130,20160328,20251001,4,Barber
602550,20220730,20270131,7,Cleaner
602043,20210809,20260210,7,Cleaner
601581,20200830,20251001,7,Cleaner
600799,20181115,20251001,7,Cleaner
600877,20181207,,7,Supervisor
602296,20220414,20261016,7,Cleaner
600320,20180126,20251001,7,Multi Technician
602155,20211027,20260430,7,Cleaner
37476,20151027,20251001,4,Driver
602387,20220618,20261220,11,Gardener
602877,20230203,20270807,7,Cleaner
602919,20230303,20270904,7,Cleaner
602908,20230224,20270828,4,Office Boy 
602898,20230212,20270816,7,Cleaner
602842,20230123,,7,Soft Services Trainer
602879,20230204,20270808,7,Fire Alarm Technician
602920,20230303,20270904,7,Cleaner
602827,20230113,20270717,7,FF Technician
602921,20230303,20270904,7,Cleaner
602918,20230303,20270904,7,FM Team Leader
602686,20220916,,12,Senior Public Relations Officer
602841,20230123,20270727,4,Office Boy
602886,20230210,20270814,7,Cleaner
602888,20230210,20270814,7,Cleaner
602900,20230212,20270816,7,Cleaner
602917,20230303,20270904,4,Carwash Cleaner
602897,20230212,20270816,7,Cleaner
602913,20230226,20270830,4,Cashier
602910,20230224,20270828,6,MEP Foreman 
602938,20230311,20270912,7,Cleaner
602937,20230311,20270912,7,Cleaner
602942,20230320,,7,MEP Engineer
602949,20230324,20270925,7,Cleaner 
602950,20230324,20270925,7,Cleaner 
602952,20230324,20270925,7,Cleaner 
602958,20230326,20270927,4,Barbar
602943,20230401,,7,Fire Fighting & Fire Alarm Engineer
602960,20230327,20270928,7,Team Leader-Data Centre
602962,20230328,20270929,7,Cleaner 
602963,20230328,20270929,7,Cleaner 
602965,20230328,20270929,7,Cleaner 
602959,20230327,20270928,4,Barbar
602969,20230401,,14,MEP Estimator
602975,20230414,,7,Facilities Manager
601780,20210213,,24,Assistant Manager CB
602985,20230421,20271023,6,Carpenter
602976,20230430,20271101,11,Gardner
602977,20230430,20271101,11,Gardner
602979,20230430,20271101,11,Gardner
602992,20230508,20271109,11,Gardener
602995,20230508,,7,Facilities Manager
602983,20230421,20271023,7,Cleaner
602984,20230421,20271023,7,Cleaner
603019,20230523,20271124,7,Cleaner
603020,20230522,20271123,7,Cleaner
603024,20230522,20271123,7,Cleaner
603029,20230523,20271124,7,Cleaner
603010,20230523,20271124,7,Cleaner
603018,20230523,20271124,7,Cleaner
603012,20230524,20271125,7,Cleaner
603003,20230519,,6,Planning Manager
603041,20230605,20271207,4,Office boy
603035,20230524,20271125,7,Cleaner
603038,20230528,20271129,7,Cleaner
602788,20221125,20270529,7,Office Boy
603039,20230602,,4,SME Technical Manage
603042,20230610,,4,Gym Instructor
603057,20230623,20271225,7,Team Leader
603063,20230623,20271225,7,Cleaner
603071,20220703,20270104,7,Specialised Cleaner
603073,20230704,20250105,4,Security System Technician
603049,20230613,20271215,11,Gardener
603084,20230727,20250128,7,Cleaner
603083,20230727,20250128,7,Cleaner
603095,20230801,20250202,7,Cleaner
603090,20230801,20250202,7,Cleaner
603091,20230801,20250202,7,Cleaner
603094,20230801,20250202,7,Cleaner
603092,20230730,,11,Project Engineer-Lan
603096,20230808,20250209,11,Gardener
603082,20230727,20250128,7,Cleaner
603099,20230812,20250213,6,Gypsum Carpenter
603098,20230812,20250213,6,Painter
603093,20230709,20250110,4,VIP Driver
603114,20230827,20250228,7,Cleaner
603117,20230827,20250228,7,Cleaner
603118,20230827,20250228,7,Cleaner
603119,20230827,20250228,7,Cleaner
603120,20230827,20250228,7,Cleaner
603115,20230902,20250306,7,Cleaner
603122,20230828,20250301,4,Office boy
603104,20230815,20250216,7,Multi Technician
603125,20230902,20250306,7,Multi Technician
603116,20230904,20250308,7,Cleaner
603121,20230909,20250313,4,Car Parking Operator
603129,20230915,,7,Facility Engineer
603134,20230922,20250326,7,Data Centre Team Lea
603139,20231003,20250406,11,Gardener
603135,20230922,20250326,7,Cleaner
603136,20230922,20250326,7,Cleaner
603130,20230915,,10,Supply Chain Manager
602782,20221125,20270529,10,Driver
603141,20231020,20250423,7,Cleaner
603143,20231020,20250423,7,Cleaner
603144,20231020,20250423,7,Cleaner
603153,20231013,20250416,4,Store keeper
603151,20231013,20250416,7,Multi Technician
603161,20231027,,7,Sr. Estimation Engin
603145,20231020,20250423,7,Cleaner
603146,20231020,20250423,7,Cleaner
603147,20231020,20250423,7,Cleaner
603148,20231013,20250416,7,Cleaner
603149,20231013,20250416,7,Cleaner
603150,20231013,20250416,7,Cleaner
603170,20231103,20250507,7,Electrician
603171,20231103,20250507,7,Plumber
603169,20231103,20250507,4,Painter
603167,20231031,,7,Facilities Manager
603172,20231110,20250514,7,Chiller Technician
603175,20231111,20250515,4,Civil Chargehand
603198,20231202,20250605,7,Cleaner
603199,20231202,20250605,7,Cleaner
603200,20231202,20250605,7,Cleaner
603177,20231121,20250525,7,Cleaner
603195,20231121,20250525,7,Cleaner
603193,20231121,20250525,4,Chargehand
603222,20231230,20250703,4,Driver
603220,20240106,20250710,7,Cleaner
603227,20240106,20250710,4,Carpenter
603224,20231230,20250703,4,Helper
603228,20240107,20250711,4,Automobile Technicia
603240,20240120,20250724,7,Multi Technician
603235,20240121,20250725,4,Car washer
603242,20240121,20250725,7,Cleaner
603248,20240126,20250730,7,Cleaner
603253,20240130,20250803,7,Cleaner
603254,20240130,20250803,7,Cleaner
603255,20240130,20250803,7,Cleaner
603257,20240130,20250803,7,Cleaner
603258,20240130,20250803,7,Cleaner
603271,20240210,20250814,4,Officer Boy
603266,20240209,,7,Quantity Sueveyor
603270,20240212,20250816,7,Cleaner
603275,20240212,20250816,4,Office Boy
603276,20240212,20250816,4,Office Boy
603278,20240212,20250816,7,Cleaner
603279,20240212,20250816,7,Cleaner
603286,20240216,20250820,7,Cleaner
603287,20240216,20250820,7,Cleaner
603274,20240216,,7,Estimation Engineer
603284,20240217,20250821,7,Multi Technician
603309,20240218,20250822,7,Cleaner
603310,20240218,20250822,7,Cleaner
603312,20240218,20250822,7,Cleaner
603313,20240218,20250822,7,Cleaner
603290,20240220,20250824,7,Cleaner
603291,20240220,20250824,7,Cleaner
603292,20240220,20250824,7,Cleaner
603293,20240220,20250824,7,Cleaner
603294,20240220,20250824,7,Cleaner
603295,20240220,20250824,7,Cleaner
603296,20240220,20250824,7,Cleaner
603297,20240220,20250824,7,Cleaner
603298,20240220,20250824,7,Cleaner
603299,20240220,20250824,7,Cleaner
603300,20240220,20250824,7,Cleaner
603301,20240220,20250824,7,Cleaner
603302,20240220,20250824,7,Cleaner
603304,20240220,20250824,7,Cleaner
603305,20240220,20250824,7,Cleaner
603306,20240220,20250824,7,Cleaner
603307,20240220,20250824,7,Cleaner
603308,20240220,20250824,7,Cleaner
603311,20240220,20250824,7,Cleaner
603314,20240220,20250824,7,Cleaner
603316,20240220,20250824,7,Cleaner
603317,20240220,20250824,7,Cleaner
603321,20240220,,7,Facilitie/Kitch Engi
603322,20240220,20250824,7,Team Leader
603325,20240220,20250824,7,Cleaner
603326,20240220,20250824,7,Cleaner
603328,20240225,20250829,7,AC Technician
603329,20240225,20250829,7,Cleaner
603330,20240225,20250829,7,Cleaner
603341,20240305,20250907,7,Cleaner
603342,20240305,20250907,7,Cleaner
603343,20240305,20250907,7,Cleaner
603344,20240310,20250912,7,Cleaner
603335,20240227,20250831,4,Driver
603336,20240227,20250831,4,Driver
603337,20240227,20250831,7,Cleaner
603340,20240303,20250905,4,Carpenter
603352,20240315,20250917,4,Office Boy
603353,20240315,,4,Project Engineer
603360,20240318,20250920,7,Team Leader
603361,20240322,,12,Senior System Administrator
603356,20240325,20250927,7,Cleaner
603357,20240325,20250927,7,Cleaner
603358,20240325,20250927,7,Cleaner
603370,20240329,,7,Customer Service Rep
603375,20240330,20251002,4,Carpenter
603373,20240330,20251002,4,Carpenter
603372,20240331,20251003,7,Multi Technician
603380,20240402,20251005,7,Team Leader
603379,20240402,20251005,7,Specialized Team Leader
603382,20240415,20251018,7,Cleaner
603383,20240407,20251010,4,Chargehand
603359,20240309,,4,Gym Instructor
603385,20240412,,4,Project Engineer
603387,20240412,,4,Gym Instructor
603365,20240423,20251026,7,Cleaner
603403,20240427,20251030,7,Electrician
603404,20240427,20251030,4,Helper
603410,20240430,20251102,7,Cleaner
603366,20240429,20251101,7,Cleaner
603415,20240504,20251106,4,Steel Fixer
603416,20240506,20251108,4,Car Washer
603421,20240511,20251113,4,Steel Fixer
603390,20240518,20251120,7,Cleaner
603392,20240518,20251120,7,Cleaner
603394,20240521,20251123,4,General Helper
603397,20240521,20251123,7,Cleaner
603426,20240517,20251119,4,Shutter Carpenter
603427,20240517,20251119,6,Gypsum Carpenter
603428,20240517,20251119,4,Office Boy
603430,20240517,,4,Quantity Surveyor
603432,20240518,20251120,4,Driver
603434,20240521,20251123,7,Cleaner
603435,20240521,20251123,7,Cleaner
603441,20240525,20251127,4,Driver
603443,20240525,20251127,4,Painter
603444,20240525,20251127,11,Gardener
603446,20240527,20251129,6,Gypsum Carpenter
603456,20240602,20251205,4,Civil Chargehand
603459,20240607,,2,General Accountant
603460,20240607,,4,Physiotherapist
603462,20240609,20251212,4,Steel Fixer
603463,20240609,20251212,4,Civil Technician
603464,20240609,20251212,4,Painter
603467,20240615,20251218,7,Cleaner
603468,20240615,20251218,7,Cleaner
603469,20240615,20251218,7,Cleaner
603470,20240615,20251218,7,Cleaner
603471,20240615,20251218,7,Cleaner
603488,20240624,,12,SCM-Adminstrator
603500,20240705,,4,Quantity Surveyor
603502,20240705,20260107,7,Electrician
603483,20240618,,2,Financial Controller
603454,20240617,20251220,4,Helper
603475,20240617,20251220,6,Gypsum Carpenter
603476,20240617,20251220,4,Painter
603477,20240617,20251220,4,Shutter carpenter
603480,20240618,20251221,7,Cleaner
603481,20240618,20251221,7,Cleaner
603491,20240624,20251227,7,Cleaner
603492,20240624,20251227,7,Cleaner
603487,20240624,20251227,7,HVAC Technician
603493,20240629,20260101,7,Electrician
603497,20240706,20260108,4,Office Boy
603499,20240702,,4,Draftsman
603513,20240712,20260114,7,Multi Techncian
603503,20240708,,7,Electrical Engineer
603494,20240629,20260101,7,MEP Technician
603495,20240629,20260101,7,MEP Teamleader
603496,20240701,20260103,7,Cleaner
603505,20240708,20260110,7,Cleaner
603506,20240708,20260110,7,Cleaner
603507,20240708,20260110,7,Cleaner
603508,20240708,20260110,7,Cleaner
603509,20240708,20260110,7,Cleaner
603511,20240708,20260110,7,Cleaner
603512,20240708,20260110,7,Cleaner
603521,20240716,20260118,7,MEP Technician
603522,20240716,20260118,6,Gypsum Carpenter
603523,20240719,,7,DC Engineer
603524,20240719,,7,Facilities Engineer
603548,20240729,,6,Fitout Manager
603530,20240722,20260124,7,Multi Technician
603533,20240724,20260126,5,Cleaner
603516,20240726,20260128,4,Office Girl
603517,20240726,20260128,4,Office Girl
603518,20240726,20260128,4,Office Girl
603519,20240726,20260128,4,Office Girl
603531,20240726,20260128,4,Office Boy
603535,20240726,20260128,4,Barber
603536,20240728,20260130,7,Multi Technician
603538,20240728,20260130,5,Cleaner
603549,20240802,20260204,4,VIP Driver
603550,20240802,20260204,7,Electrician
603551,20240802,20260204,5,Cleaner
603553,20240802,20260204,7,Multi Technician
603558,20240813,20260215,7,Team leader
603562,20240816,20260218,7,Cleaner
603565,20240817,20260219,7,Cleaner
603577,20240824,20260226,7,Cleaner
603578,20240824,20260226,7,Cleaner
603576,20240825,20260227,7,Cleaner
603575,20240825,20260227,7,Cleaner
603580,20240830,,4,2D/3D Draftsman
603583,20240903,,12,Sr. QHSE Engineer
603586,20240908,20260313,7,Cleaner
603587,20240908,20260313,7,Asst. SS Technician
603588,20240908,20260313,7,FF Technician
602926,20240906,20260311,7,Store Boy
603591,20240910,20260315,4,Shuttering Carpenter
603592,20240910,20260315,4,Shuttering Carpenter
603593,20240914,20260319,7,SS Technician
603603,20240916,,7,FM Co ordinator
603604,20240916,20260321,7,Cleaner
603608,20240922,20260327,7,Cleaner
603609,20240922,20260327,7,Cleaner
603610,20240922,20260327,7,Cleaner
603611,20240922,20260327,7,Cleaner
603612,20240922,20260327,7,Cleaner
603613,20240922,20260327,7,Cleaner
603614,20240922,20260327,7,Cleaner
603615,20240922,20260327,7,Cleaner
603616,20240922,20260327,7,Cleaner
603621,20240924,20260329,7,Cleaner
603622,20240924,20260329,7,Cleaner
603620,20240924,20260329,4,Helper
603619,20240924,20260329,4,Steel Fixer
603626,20240927,20260401,7,Fire Alarm Technici
603643,20241012,20260416,4,Steel Fixer
603645,20241012,20260416,4,Painter
603646,20241012,20260416,4,Painter
603648,20241018,20260422,7,Data Center Technician
603641,20241022,20260426,11,Landscaping Team Leader
603661,20241025,20260429,4,Steel fixer
603653,20241025,20260429,7,Cleaner
603654,20241025,20260429,7,Cleaner
603655,20241025,20260429,7,Cleaner
603656,20241025,20260429,7,Cleaner
603657,20241025,20260429,7,Cleaner
603658,20241025,20260429,7,Cleaner
603659,20241025,20260429,7,Cleaner
603660,20241025,20260429,7,Cleaner
603662,20241025,20260429,7,Cleaner
603668,20241029,,4,MEP Estimator
603674,20241102,20260507,7,Fire Alarm Technician
603677,20241105,20260510,4,Mason
603678,20241105,20260510,4,Electrician
603679,20241105,20260510,4,Painter
603680,20241105,20260510,4,Painter
603639,20241108,20260513,7,Cleaner
603640,20241108,20260513,7,Cleaner
603685,20241111,20260516,7,BMS Technician
603688,20241115,20260520,7,Cleaner
603689,20241115,20260520,7,Cleaner
603690,20241115,20260520,7,Cleaner
603691,20241115,20260520,7,Cleaner
603692,20241115,20260520,7,Cleaner
603694,20241117,20260522,7,Cleaner
603695,20241117,20260522,7,Chiller Technician
603700,20241123,20260528,4,Mason
603701,20241123,20260528,4,Helper
603699,20241123,20260528,7,HVAC Technician
603698,20241123,20260528,7,AC Technician
603705,20241129,20260603,7,Cleaner
603704,20241130,20260604,4,Office Boy
603706,20241130,20260604,11,Gardener
603703,20241130,,4,MEP Draftsman
603709,20241201,20260605,4,Civil Chargehand
603710,20241201,20260605,7,Multi Technician
603711,20241215,20260619,7,Cleaner
603716,20241215,20260619,7,Cleaner
603713,20241215,20260619,7,Cleaner
603714,20241215,20260619,7,Cleaner
603715,20241215,20260619,7,Cleaner
603712,20241215,20260619,7,Cleaner
603719,20241215,20260619,7,Cleaner
603717,20241215,20260619,7,Cleaner
603718,20241215,20260619,7,Cleaner
603728,20241223,20260627,7,Cleaner
603727,20241223,20260627,7,Cleaner
603744,20250103,20260708,7,Cleaner
603722,20241215,,4,3D Designer
603730,20241223,20260627,4,General Helper
603731,20241223,20260627,4,Mason
603737,20241227,20260701,4,Barber
603735,20241227,,7,Project Engineer civ
603736,20241227,,16,QHSE Officer
603740,20241230,20260704,4,Office Boy
603746,20250103,,4,Fitout Engineer
603743,20250103,20260708,7,Multi Technician
603747,20250104,20260709,4,Assistant Plumber
603750,20250106,,10,Procurement Executiv
603738,20241228,20260702,7,Multi Technician
603739,20241229,,4,Project Engineer
603756,20250107,20260712,7,Cleaner
603757,20250107,20260712,7,Cleaner
603758,20250111,20260716,7,Cleaner
603725,20250111,20260716,4,Maintenance Helper
603726,20250111,20260716,4,Mason
603751,20250111,,4,Junior Engineer
603752,20250111,20260716,7,Team Leader
603759,20250113,,4,Jr. Fitout Engineer
603761,20250117,20260722,7,Cleaner
603762,20250117,20260722,7,Cleaner
603763,20250117,20260722,7,Cleaner
603764,20250117,20260722,7,Cleaner
603765,20250117,20260722,7,Cleaner
603766,20250117,20260722,7,Cleaner
603767,20250117,20260722,7,Cleaner
603770,20250203,20260808,7,Cleaner
603775,20250203,20260808,7,Cleaner
603777,20250203,20260808,7,Cleaner
603778,20250203,20260808,7,Cleaner
603768,20250117,20260722,10,Driver
603753,20250117,,2,Senior Accountant
603729,20250119,20260724,10,Store Helper
603732,20250119,20260724,10,Store Helper
603781,20250119,20260724,4,Fit Out Chargehand
603779,20250119,20260724,7,Maintenance Helper
603754,20250124,,4,Quantity Surveyor
603787,20250126,20260731,4,Shutter Carpenter
603797,20250202,,7,BMS Engineer
603794,20250203,20260808,7,HVAC Technician
603799,20250203,20260808,4,Steel Fixer
603800,20250203,20260808,4,Steel Fixer
603782,20250119,20260724,4,Office boy
603771,20250207,20260812,4,Construction Helper
603805,20250208,20260813,4,Civil Chargehand
603806,20250208,20260813,7,Network Technician
603801,20250208,20260813,4,Mason
603804,20250208,20260813,4,Carpenter
603803,20250208,20260813,4,Mason
603808,20250208,20260813,4,MEP Helper
603810,20250208,20260813,4,Construction Helper
603807,20250208,20260813,4,Mason
603811,20250208,20260813,4,Electrician
603769,20250214,20260819,7,Cleaner
603773,20250214,20260819,7,Cleaner
603776,20250214,20260819,7,Cleaner
603788,20250214,20260819,7,Cleaner
603789,20250214,20260819,7,Cleaner
603790,20250214,20260819,7,Cleaner
603791,20250214,20260819,7,Cleaner
603792,20250214,20260819,7,Cleaner
603834,20250307,20260909,7,Cleaner
603836,20250307,20260909,7,Cleaner
603846,20250307,20260909,7,Cleaner
603847,20250307,20260909,7,Cleaner
603848,20250307,20260909,7,Cleaner
603849,20250307,20260909,7,Cleaner
603850,20250307,20260909,7,Cleaner
603819,20250218,20260823,11,Gardener
603820,20250218,20260823,7,Cleaner
603821,20250218,20260823,4,Construction Helper
603823,20250221,20260826,4,Steel fixer
603830,20250301,20260903,7,Specialised Cleaner
603831,20250301,20260903,4,MEP Helper
603833,20250301,20260903,4,Steel Fixer
603835,20250307,20260909,4,Cleaner
603845,20250307,20260909,4,Shuttering Carpenter
603852,20250307,20260909,7,LCP Technician
603829,20250217,20260822,4,Ac Technician
603861,20250410,20261013,7,Cleaner
603875,20250315,20260917,7,Multi Technician
603879,20250315,20260917,4,Shutter Carpenter
603877,20250315,20260917,4,Gypsum Carpenter
603856,20250315,20260917,7,Cleaner
603857,20250315,20260917,7,Cleaner
603878,20250315,20260917,4,Gypsum Carpenter
603863,20250410,20261013,7,Cleaner
603891,20250321,,7,Call Center Agent
603873,20250323,20260925,4,Mason
603897,20250323,20260925,4,Steel Fixer
603867,20250323,20260925,4,Shutter Carpenter
603868,20250323,20260925,4,Mason Helper
603869,20250323,20260925,4,General Helper
603899,20250325,20260927,4,Driver
603901,20250329,20261001,4,Female Barista
603898,20250331,,4,Construction Manager
603902,20250404,,4,Admin Assistant
603887,20250406,20261009,4,Mason
603888,20250406,20261009,4,Gypsum Carpenter
603889,20250406,20261009,4,Gypsum Carpenter
603911,20250406,20261009,4,Mason
603912,20250406,20261009,4,Steel Fixer
603913,20250406,20261009,4,Shutter Carpenter
603855,20250330,,2,Accountant
603837,20250407,,15,Asst. Manager - PRO
603919,20250411,20261014,4,Driver
603880,20250413,20261016,7,Cleaner
603881,20250413,20261016,7,Cleaner
603882,20250413,20261016,7,Cleaner
603885,20250413,20261016,7,Cleaner
603883,20250413,20261016,7,Cleaner
603884,20250413,20261016,7,Cleaner
603860,20250413,20261016,7,Cleaner
603862,20250413,20261016,7,Cleaner
603921,20250413,20261016,7,Cleaner
603934,20250413,20261016,7,Cleaner
603864,20250413,20261016,7,Cleaner
603933,20250413,20261016,7,Cleaner
603922,20250413,20261016,7,Cleaner
603927,20250413,20261016,7,Cleaner
603920,20250421,20261024,7,Cleaner
603966,20250421,20261024,7,Cleaner
603967,20250421,20261024,7,Cleaner
603968,20250421,20261024,7,Cleaner
603969,20250421,20261024,7,Cleaner
603970,20250421,20261024,7,Cleaner
603971,20250421,20261024,7,Cleaner
603972,20250421,20261024,7,Cleaner
603925,20250413,20261016,7,Multi Technician
603926,20250413,20261016,7,Av Technician
603917,20250413,20261016,4,Office Boy
603874,20250413,20261016,4,Steel Fixer
603923,20250413,20261016,4,Steel Fixer
603924,20250413,20261016,4,Shutter Carpenter
603936,20250418,20261021,4,Duct Man
603937,20250418,20261021,4,Block Plaster Mason
603938,20250418,20261021,4,Tile Mason
603973,20250421,20261024,7,Cleaner
603976,20250421,20261024,4,Maintenance Helper
603974,20250421,20261024,4,Gypsum Carpenter
603977,20250423,20261026,4,Gypsum Carpenter
603978,20250423,20261026,4,Gypsum Carpenter
603981,20250425,20261028,4,Store Keeper
603975,20250426,20261029,4,Driver
603982,20250427,20261030,4,Driver
604007,20250121,20260726,4,Light Vehicle Driver
603939,20250502,20261104,15,Talent Acquisition o
603999,20250503,20261105,7,Cleaner
604000,20250503,20261105,7,Cleaner
604001,20250503,20261105,7,Cleaner
604002,20250503,20261105,7,Cleaner
603996,20250503,20261105,4,Car Washer
603997,20250503,20261105,4,Car Washer
603998,20250503,20261105,4,Chargehand - Civil
604004,20250505,20261107,7,Multi Technician
604005,20250505,20261107,7,Cleaner
604003,20250506,,10,Transportation Manag
604008,20250509,20261111,4,Mason
604009,20250509,20261111,4,Mason
604010,20250509,20261111,4,Shuttering Carpenter
604011,20250509,20261111,4,Shuttering Carpenter
604013,20250509,20261111,4,Steel Fixer
604014,20250509,20261111,4,Steel Fixer
604015,20250509,20261111,4,Painter
604019,20250512,20261114,7,HVAC Technician
604026,20250515,20261117,7,Cleaner
604027,20250515,20261117,7,Cleaner
604028,20250515,20261117,7,Cleaner
604030,20250516,,4,Document Controller
604022,20250516,20261118,4,Driver
604035,20250520,20261122,4,Painter
604036,20250520,20261122,4,Shuttering carpenter
604037,20250520,20261122,4,Finishing Carpenter
604038,20250520,20261122,4,Mason
604039,20250520,20261122,4,Mason
604040,20250520,20261122,4,Mason
604041,20250520,20261122,4,Mason
604042,20250520,20261122,4,Tile Mason
604043,20250520,20261122,4,Tile Mason
604045,20250520,20261122,4,Scaffolder
604046,20250520,20261122,4,Block Mason
604048,20250520,20261122,4,Mason
604049,20250520,20261122,4,Mason
604050,20250520,20261122,4,Mason
604051,20250520,20261122,4,Mason
604052,20250520,20261122,4,Mason
604053,20250520,20261122,4,Mason
604054,20250520,20261122,4,Shuttering Carpenter
604055,20250520,20261122,4,Shuttering Carpenter
604056,20250520,20261122,4,Shuttering Carpenter
604057,20250520,20261122,4,Shuttering Carpenter
604058,20250520,20261122,4,Shuttering Carpenter
604059,20250527,20261129,4,General Helper
604061,20250523,,4,Admin Assistant
604062,20250524,,10,SCM Admin
604065,20250524,20261126,4,Car washer
604066,20250524,20261126,7,Team Leader
604067,20250524,20261126,4,Chargehand Civil
604078,20250527,,7,Admin Assistant
604080,20250601,20261204,7,Cleaner
604081,20250601,20261204,7,Cleaner
604082,20250601,20261204,7,Cleaner
604086,20250527,,4,Mep Supervisor
604087,20250527,20261129,7,Team leader
604088,20250527,20261129,7,Multi Technician
604090,20250602,20261205,4,Messenger
604091,20250602,20261205,4,Office Boy
604092,20250602,20261205,4,Office Boy
604093,20250602,20261205,4,Steel Fixer
604094,20250602,20261205,4,Steel Fixer
604096,20250602,20261205,7,Cleaner
604095,20250602,20261205,7,Cleaner
604097,20250602,20261205,7,Cleaner
604101,20250606,,4,Planning Engineer
604104,20250527,20261129,4,General Helper
604105,20250607,20261210,7,Cleaner
604106,20250607,20261210,7,Cleaner
604107,20250607,20261210,7,Cleaner
604108,20250607,20261210,7,Cleaner
604109,20250607,20261210,7,Cleaner
604110,20250607,20261210,4,Helper
604111,20250607,20261210,10,Driver
604112,20250608,20261211,4,Office Girl
604121,20250613,20261216,4,Office Boy
604122,20250613,20261216,4,Office Boy
604120,20250610,20261213,7,Team Leader
604205,20250613,20261216,17,Heavy Driver
604127,20250613,20261216,7,Cleaner
604128,20250613,20261216,7,Cleaner
604129,20250613,20261216,7,Cleaner
604130,20250613,20261216,7,Cleaner
604131,20250613,20261216,7,Cleaner
604154,20250617,20261220,7,Cleaner
604199,20250628,20261231,7,Cleaner
604200,20250628,20261231,7,Cleaner
604126,20250616,20261219,7,Electrician
604162,20250617,20261220,7,Kitchen Technician
604156,20250617,20261220,7,Cleaner
604151,20250617,20261220,7,Cleaner
604149,20250617,20261220,7,Cleaner
604159,20250617,20261220,7,Cleaner
604150,20250617,20261220,7,Cleaner
604158,20250617,20261220,7,Cleaner
604152,20250617,20261220,7,Cleaner
604153,20250617,20261220,7,Cleaner
604084,20250627,20261230,7,Cleaner
604085,20250627,20261230,7,Cleaner
604144,20250630,20270102,7,Cleaner
604145,20250630,20270102,7,Cleaner
604148,20250617,20261220,7,Cleaner
604155,20250617,20261220,7,Cleaner
604157,20250617,20261220,7,Cleaner
604161,20250617,20261220,7,Cleaner
604195,20250627,20261230,7,Cleaner
604196,20250627,20261230,7,Cleaner
604197,20250627,20261230,7,Cleaner
604194,20250627,20261230,7,Cleaner
604207,20250701,20270103,7,Cleaner
604138,20250620,,4,QA/QC Engineer
604116,20250622,20261225,4,Messenger
604115,20250622,20261225,4,Messenger
604114,20250622,20261225,4,Messenger
604117,20250622,20261225,4,Messenger
604167,20250622,,4,MEP Engineer
604191,20250624,20261227,4,Shuttering Carpenter
604193,20250624,20261227,4,Steel Fixer
604189,20250624,20261227,4,Steel Fixer
604192,20250624,20261227,4,Steel Fixer
604083,20250714,20270116,7,Construction Helper
604124,20250701,20270103,4,Shuttering Carpenter
604125,20250701,20270103,4,Shuttering Carpenter
604168,20250704,20270106,4,Mason
604190,20250624,20261227,4,Steel Fixer
604171,20250627,,16,HSE Engineer
604206,20250701,20270103,4,Helper
604208,20250701,20270103,7,Driver
604209,20250701,20270103,4,Chargehand -Civil
604210,20250701,20270103,4,Driver
604211,20250701,20270103,4,Driver
604212,20250701,20270103,4,Office Boy
604202,20250704,,10,Storekeeper
604229,20250706,20270108,7,Multi Technician
604230,20250706,20270108,4,Steel Fixer
604231,20250706,20270108,4,Steel Fixer
604236,20250708,20270110,7,Team Leader
604142,20250616,20261219,7,Cleaner
604147,20250616,20261219,7,Cleaner
604143,20250616,20261219,7,Cleaner
604238,20250714,20270116,4,Mason
604247,20250714,,4,Jr Electrical Eng
604201,20250725,,4,Civil Draftsman
604203,20250726,20270128,4,Construction Helper
604204,20250906,20270311,7,Cleaner
604237,20250714,20270116,7,Cleaner
604248,20250714,,4,SCM Admin
604255,20250714,20270116,7,Electrician
604256,20250714,20270116,4,HVAC Technician
604257,20250714,20270116,4,Carpenter - Helper
604258,20250714,20270116,4,Carpenter - Helper
604259,20250714,20270116,4,Electrician - Asst
604260,20250714,20270116,4,Plumber
604263,20250714,20270116,4,Ductman
604262,20250714,20270116,4,Ac Technician - Asst
604261,20250714,20270116,4,Electrician - Asst
604268,20250715,20270117,4,Office boy
604267,20250718,,7,Cost Controller
604271,20250721,20270123,4,Electrician
604272,20250721,20270123,4,Mason
604274,20250721,20270123,4,Mason
604275,20250721,20270123,4,Civil Foreman
604276,20250721,20270123,4,Civil Chargehand
604277,20250721,20270123,4,Chargehand Electrica
604278,20250721,20270123,4,Assistant-Chargehand
604296,20250721,20270123,7,Cleaner
604279,20250726,20270128,4,Electrician Assistan
604280,20250726,20270128,4,AC Technician
604281,20250726,20270128,4,Helper-Electrician
604282,20250726,20270128,4,Mason
604283,20250726,20270128,4,Mason
604284,20250726,20270128,4,Mason
604294,20250726,20270128,4,Electrician
604285,20250728,20270130,4,Helper
604286,20250728,20270130,4,Electrician Assistan
604287,20250728,20270130,4,Helper
604295,20250728,20270130,4,Chargehand
604353,20250802,20270204,7,Kitchen Technician
604326,20250727,20270129,7,Cleaner
604308,20250803,20270205,4,AC Helper
604309,20250803,20270205,4,AC Helper
604356,20250803,20270205,7,Cleaner
604357,20250803,20270205,7,Cleaner
604358,20250803,20270205,7,Cleaner
604359,20250803,20270205,7,Cleaner
604310,20250803,20270205,4,AC Helper
604311,20250803,20270205,4,Electrician
604312,20250803,20270205,4,Plumber
604360,20250803,20270205,4,Construction Helper
604348,20250803,,4,MEP Document Control
604349,20250803,,10,Procurement Engineer
604350,20250803,,10,Category Manager
604314,20250805,20270207,4,Helper
604315,20250805,20270207,4,Steel Fixer
604316,20250805,20270207,4,Steel Fixer
604366,20250805,20270207,4,Carpenter
604367,20250805,20270207,4,Asst. Chargehand
604354,20250805,20270207,7,Data Centre Technici
604369,20250805,20270207,7,Team Leader
604328,20250808,20270210,7,Cleaner
604329,20250902,20270307,7,Cleaner
604330,20250808,20270210,7,Cleaner
604331,20250808,20270210,7,Cleaner
604332,20250808,20270210,7,Cleaner
604333,20250808,20270210,7,Cleaner
604335,20250808,20270210,7,Cleaner
604336,20250808,20270210,7,Cleaner
604337,20250808,20270210,7,Cleaner
604338,20250808,20270210,7,Cleaner
604339,20250808,20270210,7,Cleaner
604340,20250808,20270210,7,Cleaner
604341,20250808,20270210,7,Cleaner
604342,20250808,20270210,7,Cleaner
604343,20250808,20270210,7,Cleaner
604372,20250808,20270210,7,Cleaner
604373,20250808,20270210,7,Cleaner
604374,20250808,20270210,7,Cleaner
604375,20250808,20270210,7,Cleaner
604376,20250808,20270210,7,Cleaner
604320,20250808,20270210,4,Steel Fixer
604321,20250808,20270210,7,Steel Fixer
604322,20250808,20270210,7,Tile Mason
604323,20250808,20270210,4,Tile Mason
604324,20250808,20270210,7,Gypsum Carpenter
604325,20250808,20270210,4,Gypsum Carpenter
604371,20250815,,4,Document Controller
604386,20250816,20270218,8,Driver
604388,20250816,20270218,7,Cleaner
604387,20250816,20270218,7,Cleaner
604395,20250822,20270224,7,Facade Cleaner
604385,20250816,20270218,8,Driver
604381,20250822,20270224,7,Multi Technician
604405,20250830,20270304,7,Cleaner
604418,20250830,20270304,4,Duct Man - Asst.
604410,20250830,20270304,7,Cleaner
604412,20250830,20270304,7,Cleaner
604380,20250823,,7,Quantity Surveyor
604396,20250829,,15,Timekeeper
604414,20250830,20270304,4,Duct Man - Asst.
604409,20250830,20270304,7,Cleaner
604420,20250830,20270304,4,Painter
604406,20250830,20270304,7,Cleaner
604407,20250830,20270304,7,Cleaner
604404,20250830,20270304,7,Cleaner
604408,20250830,20270304,7,Cleaner
604403,20250830,20270304,7,Cleaner
604415,20250830,20270304,8,Driver
604411,20250830,20270304,7,Cleaner
604419,20250830,20270304,4,Helper
604413,20250830,20270304,7,Plumber
604416,20250830,20270304,8,Heavy Driver
604399,20250905,20270310,10,Storekeeper
604422,20250907,,7,Assistant - CSR
604417,20250830,20270304,8,Driver
604432,20250907,20270312,4,Team Leader
604433,20250907,20270312,8,Boom & Bobcat Driver
604430,20250817,20270219,4,Construction Helper
604431,20250824,20270226,4,Mason
604438,20250912,20270317,4,Shuttering Carpenter
604436,20250912,20270317,7,Asst. Shuttering Carpenter
604448,20250912,20270317,7,Cleaner
604440,20250912,20270317,4,Shuttering Carpenter
604445,20250912,20270317,4,Electrical Chargehand
604446,20250912,20270317,7,Cleaner
604447,20250912,20270317,7,Cleaner
604451,20250912,20270317,7,Cleaner
604443,20250912,20270317,7,Cleaner
604449,20250912,20270317,4,Construction Helper
604450,20250912,20270317,4,Construction Helper
604437,20250912,20270317,4,Asst. Shuttering Carpenter
604439,20250912,20270317,4,Shuttering Carpenter
604435,20250912,20270317,4,Asst. Shuttering Carpenter
604444,20250912,20270317,10,Store Helper
604459,20250913,20270318,4,Plumber
604460,20250921,20270326,7,Cleaner
604488,20251004,20270408,7,Multi Technician
604442,20250912,20270317,7,Cleaner
604441,20250912,20270317,4,Plumbing Cahrgehand
604423,20250912,,7,Facility Coordinator
604452,20250914,,7,CAFM Admin
604400,20250914,,10,Buyer
604434,20250914,,16,QHSE / IMS Admin
604456,20250916,20270321,7,Team Leader
604454,20250916,20270321,11,Gardener
604453,20250916,20270321,11,Gardener
604455,20250916,20270321,11,Gardener
604458,20250919,20270324,8,Driver
604467,20250920,,4,Director of Inventory
604463,20250921,20270326,7,Multi Technician
604462,20250921,20270326,7,Cleaner
604461,20250921,20270326,7,Cleaner
604464,20250922,20270327,4,Office Girl
604466,20250929,20270403,7,Multi Technician
604475,20251003,20270407,4,Construction Helper
604472,20251003,20270407,4,Construction Helper
604471,20251003,20270407,4,Construction Helper
604479,20251003,20270407,4,Construction Helper
604481,20251003,20270407,4,Construction Helper
604477,20251003,20270407,4,Construction Helper
604478,20251003,20270407,4,Construction Helper
604473,20251003,20270407,4,Construction Helper
604469,20251003,20270407,4,Construction Helper
604474,20251003,20270407,4,Construction Helper
604470,20251003,20270407,4,Construction Helper
604480,20251003,20270407,4,Construction Helper
604476,20251003,20270407,4,Construction Helper
604495,20250927,20260401,4,Senior Expert
604496,20250927,20260401,4,Senior Researcher
604486,20251004,20270408,4,General helper
604487,20251004,20270408,4,Helper
604492,20251007,20270411,8,Boom Loader Operator
604484,20251010,,4,Jr. Project Engineer
604501,20251018,20270422,7,Cleaner
604500,20251018,20270422,7,Cleaner
604499,20251019,20270423,7,Cleaner
604503,20251019,,4,Photographer
604504,20251019,20270423,7,Civil Technician
604520,20251025,20270429,4,Shuttering Carpenter
604506,20251024,,4,AV Engineer
604517,20251024,20270428,7,Team Leader
604521,20251025,20270429,4,Shuttering Carpenter
604522,20251025,20270429,4,Shuttering Carpenter
604523,20251025,20270429,4,Shuttering Carpenter
604524,20251025,20270429,4,Asst Carpenter
604516,20251026,20270430,4,Office Boy
604518,20251026,,15,PRO/Typist
604529,20251103,20270508,7,Multi Technician
604530,20251103,20270508,7,Chiller Technician
604531,20251103,20270508,7,Swimming Pool Techni
604532,20251103,20270508,7,Asst Technician
604519,20251103,20270508,4,Office Boy
604533,20251103,20270508,7,Cleaner
604534,20251103,20270508,7,Cleaner
604535,20251103,20270508,7,Cleaner
604536,20251103,20270508,7,Cleaner
604537,20251103,20270508,7,Cleaner
604538,20251103,20270508,7,Cleaner
604539,20251103,20270508,7,Cleaner
604540,20251103,20270508,7,Cleaner
604541,20251103,20270508,7,Cleaner
604542,20251103,20270508,7,Cleaner
604544,20251108,20270513,7,Cleaner
604545,20251108,20270513,7,Cleaner
604582,20251031,,4,Office Boy
604553,20251115,,7,Cleaner
604552,20251115,,7,Cleaner
604549,20251116,,10,SCM Admin
604560,20251128,,7,Junior MEP Engineer
604559,20251128,,4,Steel Fixer
604558,20251128,,4,Steel Fixer
604550,20251128,,4,Barber
604570,20251201,,4,Steel Fixer
604569,20251205,,4,Office Girl
604583,20251205,,4,Construction Helper
